epoch,train_loss,val_loss,grad_norm,step_norm,hot_reservoir,cold_reservoir,deficit,total_budget,x,efficiency,useful_imbalance,instability_score,stall_score,loss_volatility,generalization_gap,regime,variant,task,seed,train_accuracy,val_accuracy,batch_loss_mean,scheduler_scale,lr_multiplier,beta1,weight_decay_multiplier,effective_lr
0,0.28588282800699083,0.46298769903042103,0.22180298301122733,0.2512730523327143,0.325,0.6059525110248164,0.44377310202744974,1.3747256130522663,0.23641081312103532,0.46365433910025744,0.17515835769566113,0.0,0.4751371934738669,0.0,0.38252608307805896,productive,adam@0.05,noisy_moons,0,0.8805555555555555,0.8333333333333334,0.3328862744153991,1.0,1.0,0.9,1.0,0.05
1,0.271196870283056,0.43509007449845166,0.17994652793703414,0.09943100308100548,0.5682905405109664,0.5984406063439457,0.583170760277735,1.7499019071326471,0.32475565527107486,0.050381049538273714,0.13357628611355105,0.0,0.4091943166891597,0.013927284314035985,0.3766879867446365,productive,adam@0.05,noisy_moons,0,0.8805555555555555,0.7916666666666666,0.28622880530478484,1.0,1.0,0.9,1.0,0.05
2,0.2587176821354978,0.3685952359444663,0.1328411164285053,0.07331078796854101,0.5437570633775711,0.6323298712941706,0.5863734594103281,1.76246039408207,0.3085215788129936,0.14007373672886925,0.1635323924040983,0.0,0.3906483346477506,0.03394827653986224,0.2980981388091598,productive,adam@0.05,noisy_moons,0,0.9,0.8333333333333334,0.25892907097832796,1.0,1.0,0.9,1.0,0.05
3,0.2489595816394492,0.3704452315884692,0.14354747326620537,0.06474978683690112,0.5205579413960895,0.5959607617907177,0.5569848357995226,1.6735035389863298,0.3110587634080538,0.12652312908812058,0.14347823536606255,0.0,0.42352720120487986,0.054752896412542516,0.3279449688907845,productive,adam@0.05,noisy_moons,0,0.9083333333333333,0.825,0.2571014580612577,1.0,1.0,0.9,1.0,0.05
4,0.23934635702834803,0.35305433066949077,0.18603357432610554,0.09120954131220142,0.5296250515338734,0.5834746976540457,0.5558982072409796,1.6689979564288988,0.31733115639464,0.09229131329531715,0.13298108756924998,0.0,0.43031354755248735,0.07561477579234026,0.32206933540659394,productive,adam@0.05,noisy_moons,0,0.9138888888888889,0.8333333333333334,0.2788445361140409,1.0,1.0,0.9,1.0,0.05
5,0.2219461166111998,0.31155425039941936,0.12693207150151156,0.09348577190658569,0.5624119233856436,0.5819951522185086,0.5721197540378516,1.716526829642004,0.3276452856276877,0.03364843978370269,0.12382239200985737,0.0,0.42294254687181987,0.10421789591937501,0.2876164702402229,productive,adam@0.05,noisy_moons,0,0.9222222222222223,0.8416666666666667,0.2297261504726278,1.0,1.0,0.9,1.0,0.05
6,0.19730919483319914,0.2931023130170243,0.1551212529742658,0.08776934154860096,0.5863849918698905,0.5332544080618093,0.5591890393560189,1.6788284392877189,0.34928226026399556,0.09060699803991457,0.12192827373462803,0.04191220531555174,0.45377827629108586,0.1453069433093623,0.3268248455557605,productive,adam@0.05,noisy_moons,0,0.9305555555555556,0.8666666666666667,0.21257925250085905,1.0,1.0,0.9,1.0,0.05
7,0.17660723657909388,0.24996190338380347,0.14062873624960068,0.08070752191703343,0.5814939722788715,0.5213627340010684,0.5506081067260579,1.6534648130059977,0.35168209671285106,0.10340818846848177,0.11976856235645197,0.047719954916320244,0.4640145796364369,0.1905284731977975,0.29346338706693764,transition,adam@0.05,noisy_moons,0,0.9361111111111111,0.875,0.19822928928110226,1.0,1.0,0.9,1.0,0.05
8,0.16295698119492805,0.2299889697918712,0.10945884730414472,0.07540203764948568,0.5549017868514439,0.4991323978218052,0.5262788798980683,1.5803130645713175,0.35113408810675684,0.10050317074482318,0.10909929159521548,0.045114445919546775,0.48729436114006325,0.23090856839009574,0.29145740622954147,transition,adam@0.05,noisy_moons,0,0.9416666666666667,0.8916666666666667,0.1720022042526969,1.0,1.0,0.9,1.0,0.05
9,0.15371978465094266,0.2071786814233004,0.12620508742756054,0.07532775577130138,0.5353415689599096,0.49561137463266636,0.5150935554734005,1.5460464990659766,0.34626485638260496,0.07421466336970428,0.10166506660022026,0.03212169127184421,0.49464753494696656,0.26320644261933085,0.2580328072613434,transition,adam@0.05,noisy_moons,0,0.9638888888888889,0.9083333333333333,0.16665487473717955,1.0,1.0,0.9,1.0,0.05
10,0.14349320222207992,0.19561877154362256,0.1662813992821077,0.09013509609418156,0.5601186289931368,0.47741695924612787,0.5171171363153744,1.554652724554639,0.36028536800949795,0.1476502752578055,0.11010195385177468,0.06808358783501944,0.5027329522192489,0.2916429494417919,0.26646506830720357,transition,adam@0.05,noisy_moons,0,0.9416666666666667,0.9,0.16999154117838822,1.0,1.0,0.9,1.0,0.05
11,0.13801171910355536,0.19285155356361114,0.16700643959345238,0.09058778147031671,0.5300771089792654,0.4609883602888344,0.49432719659654306,1.4853926658646428,0.3568599207204979,0.13033716702903908,0.09906340356725002,0.05792694175793909,0.5223422215573112,0.3117432602927615,0.28436293847105115,transition,adam@0.05,noisy_moons,0,0.9555555555555556,0.9166666666666666,0.15851395997061407,1.0,1.0,0.9,1.0,0.05
12,0.12668351032277936,0.16476404630114044,0.1193059485415114,0.052157063591118186,0.5733044624664,0.46981624696110263,0.5189872357987394,1.5621079452262419,0.36700694354599656,0.18051179134539186,0.11394908580596176,0.08550107094338721,0.5055982586200789,0.33435679830882015,0.23112163626256796,transition,adam@0.05,noisy_moons,0,0.9638888888888889,0.9333333333333333,0.1341313188223493,1.0,1.0,0.9,1.0,0.05
13,0.12306974010049507,0.15404972233245165,0.17241278236074029,0.06583873925180501,0.5098395181940125,0.4743264001447539,0.49176248669098555,1.475928405029752,0.34543648354253,0.06965548330970084,0.09220048596551823,0.029113039310638748,0.5169555565821302,0.3483529306093139,0.20110378495262263,transition,adam@0.05,noisy_moons,0,0.9694444444444444,0.9333333333333333,0.15703017524752283,1.0,1.0,0.9,1.0,0.05
14,0.13972886394962922,0.1921276153415513,0.21751080342696275,0.11940130833682365,0.32361218029161803,0.4578995089695772,0.3849439679383302,1.1664556571995255,0.2774320466399549,0.29326812116670764,0.09529349200942956,0.0,0.5785782615460463,0.32738462349783426,0.2727288906322559,transition,adam@0.05,noisy_moons,0,0.9416666666666667,0.9,0.154172011727271,1.0,1.0,0.9,1.0,0.05
15,0.11753798573580732,0.1467903318880141,0.15107400783741595,0.08429700263031399,0.6284142968354984,0.4788988669917452,0.5485862692010569,1.6558994330283006,0.37950027900321065,0.23792493359465106,0.13258062408456128,0.1219981599336867,0.48625743190359894,0.34061268477736784,0.19927978754434122,productive,adam@0.05,noisy_moons,0,0.9722222222222222,0.9416666666666667,0.12873240117545795,1.0,1.0,0.9,1.0,0.05
16,0.11979588140103162,0.15427167543018636,0.1324022946873041,0.06030765080239451,0.3086348999036279,0.4700535587294483,0.3808870344968536,1.1595754931299298,0.26616197197351904,0.34340482234150205,0.10262653539107279,0.0,0.574529703386849,0.3397774552484225,0.2234745550861429,transition,adam@0.05,noisy_moons,0,0.9583333333333334,0.9166666666666666,0.12260694425850592,1.0,1.0,0.9,1.0,0.05
17,0.11796053704209152,0.14832027221485158,0.12431685637436778,0.06097596771414129,0.4525316806850314,0.479084847303752,0.46561901930773675,1.39723554729652,0.32387644414044925,0.05542476822029352,0.08611123447899566,0.0,0.5276480666942556,0.33606330243978116,0.2046903954489917,transition,adam@0.05,noisy_moons,0,0.9722222222222222,0.9666666666666667,0.12104265296881156,1.0,1.0,0.9,1.0,0.05
18,0.11988508629419058,0.1557803417394694,0.15963830315680647,0.0667385466782124,0.3073458654041381,0.4749516898935459,0.3820660128243413,1.1643635681220252,0.2639603933158516,0.35289025822315,0.10513573236251705,0.0,0.5714911486410563,0.3244361303689846,0.23042224098667635,transition,adam@0.05,noisy_moons,0,0.9583333333333334,0.9333333333333333,0.13350543912360818,1.0,1.0,0.9,1.0,0.05
19,0.1134699455953389,0.13746413652286016,0.1409127318350259,0.06132735455918951,0.5608563767779888,0.4989079925471923,0.5289761138705585,1.5887404831957395,0.3530195036321039,0.11045320477154508,0.11131598181619073,0.04946468051942217,0.4860579467911246,0.3216567016528798,0.17454873346933686,transition,adam@0.05,noisy_moons,0,0.975,0.9583333333333334,0.12039862341648526,1.0,1.0,0.9,1.0,0.05
20,0.11141433420625554,0.13537157688703738,0.16426762599122743,0.07528789717471979,0.47920542575586683,0.5001789252506557,0.4895798758413711,1.4689642268478935,0.32621994259461773,0.041931993606560636,0.09238146977434666,0.0,0.5051205994539867,0.3174676545466895,0.17697395001000304,transition,adam@0.05,noisy_moons,0,0.975,0.975,0.13624140420521086,1.0,1.0,0.9,1.0,0.05
21,0.11794501941475014,0.153831344030957,0.14516846856449317,0.0757075116339294,0.3115662810132844,0.4876539172228338,0.38979035058692557,1.1890105488230438,0.26203828159614895,0.3610914010759908,0.11114319691983658,0.0,0.5612778660951203,0.29729661170833105,0.23328356676767448,transition,adam@0.05,noisy_moons,0,0.9583333333333334,0.9166666666666666,0.11537829837738856,1.0,1.0,0.9,1.0,0.05
22,0.11556749326352954,0.138124343799829,0.18912914215628165,0.09820234938354727,0.4993458509517006,0.5263305669108851,0.5126606917016429,1.5383371095642286,0.32460105645709375,0.05126952082321701,0.1034322494208595,0.0,0.480504370693736,0.28287389099534177,0.16330829103513453,transition,adam@0.05,noisy_moons,0,0.975,0.975,0.1363697511513243,1.0,1.0,0.9,1.0,0.05
23,0.1292318068834145,0.17568838930142203,0.2545004676376928,0.13955463366331974,0.3455527931583007,0.5039200844569225,0.41729005824804444,1.2667629358632677,0.27278410456713825,0.3142706476364816,0.11655360702545352,0.0,0.5393949286475166,0.24314427266342553,0.2644260249793951,transition,adam@0.05,noisy_moons,0,0.9611111111111111,0.9333333333333333,0.16058391759938725,1.0,1.0,0.9,1.0,0.05
24,0.11551009870965262,0.13977581223254454,0.13285547992237617,0.08486005292184547,0.6237728364178987,0.5496860406749519,0.5855588960396206,1.759017773132471,0.35461428869310385,0.11877207761928477,0.1375049766613062,0.05665649708580301,0.43237753164271375,0.2382239091524044,0.1736045252416143,productive,adam@0.05,noisy_moons,0,0.9666666666666667,0.9666666666666667,0.12828502976793443,1.0,1.0,0.9,1.0,0.05
25,0.1138479519732383,0.1386088206244816,0.14866550129873177,0.06422112950567113,0.4689035783131098,0.5504068194135461,0.5080233529582566,1.5273337506849125,0.3070079333366635,0.14807818185851918,0.12478043864515283,0.0,0.47078491381409865,0.2332511560414364,0.17863847726058746,productive,adam@0.05,noisy_moons,0,0.9666666666666667,0.9416666666666667,0.12414701227322349,1.0,1.0,0.9,1.0,0.05
26,0.11607168064846841,0.13479508878372762,0.1464284962859225,0.08388149173640015,0.3176098002357693,0.5806718788889985,0.42944974031481686,1.3277314194395848,0.23921238556652333,0.45303051209763034,0.1607110475459001,0.0,0.4949391903980923,0.2209128681751772,0.13890274715646378,productive,adam@0.05,noisy_moons,0,0.9777777777777777,0.9833333333333333,0.12738369205321087,1.0,1.0,0.9,1.0,0.05
27,0.11485784720635416,0.13849143402544012,0.0907967473057828,0.046140999789778016,0.41754484270524356,0.570212217323027,0.4879438190926814,1.475700879120952,0.28294680081370377,0.26773781757122384,0.14580155063930386,0.0,0.4709219817921458,0.2107398822387667,0.17065017042674713,productive,adam@0.05,noisy_moons,0,0.9694444444444444,0.9583333333333334,0.11011902526368393,1.0,1.0,0.9,1.0,0.05
28,0.11102305825590081,0.1299616105847641,0.09678324134540588,0.04006228634442809,0.5047183666888196,0.5868934539542804,0.5442572052808896,1.6358690259239896,0.30853225942323775,0.14001704519390024,0.14086819603691436,0.0,0.434424670382415,0.2073434711516865,0.14572420458356133,productive,adam@0.05,noisy_moons,0,0.9777777777777777,0.975,0.10873789502790657,1.0,1.0,0.9,1.0,0.05
29,0.1067747872533368,0.12259517656360414,0.10214714008415966,0.041946275127510535,0.5109492307836492,0.5953083272935088,0.5515182063266082,1.6577757644037663,0.3082137172921071,0.1417065622015493,0.14515480874477413,0.0,0.4265867331899415,0.20928363024847357,0.12904577287393917,productive,adam@0.05,noisy_moons,0,0.9777777777777777,0.975,0.11106203629542302,1.0,1.0,0.9,1.0,0.05
30,0.10692001521987114,0.1311886921472325,0.10685626168807129,0.04429242229760999,0.2809728477742846,0.5659414499690164,0.39876582209525224,1.2456801198385534,0.22555778429754514,0.5035301835743422,0.1528505679458507,0.0,0.5176463639678657,0.20567417732307963,0.1849906156555378,productive,adam@0.05,noisy_moons,0,0.9722222222222222,0.95,0.10769372547007884,1.0,1.0,0.9,1.0,0.05
31,0.11650733666713395,0.12763180993257225,0.12245839440090572,0.05305803048132487,0.28829635600089,0.6486494245204365,0.43243874180202235,1.3693845223233487,0.21052987769407214,0.5555436494627424,0.19946530726451203,0.0,0.4594559168387706,0.17885986104695611,0.08716066371945484,productive,adam@0.05,noisy_moons,0,0.9888888888888889,0.9916666666666667,0.11112029594304462,1.0,1.0,0.9,1.0,0.05
32,0.10734581264382245,0.13196013100529083,0.12469637047642808,0.05295054121507104,0.5734959028633744,0.5857137531014307,0.5795726336313686,1.7387822895961738,0.3298261698976511,0.02085976327914507,0.1234150174199167,0.0,0.41735680663360036,0.1773728477456194,0.18652844744812724,productive,adam@0.05,noisy_moons,0,0.9722222222222222,0.95,0.1080735383825651,1.0,1.0,0.9,1.0,0.05
33,0.11596591364534542,0.15108679261996213,0.1487697872995949,0.07878588325927065,0.3076563999170357,0.5766968823783484,0.4212178612973349,1.305571143592719,0.23564889698037858,0.46651974491746806,0.1586812864005253,0.0,0.5010426281621583,0.154018047556295,0.23245499070827727,productive,adam@0.05,noisy_moons,0,0.9555555555555556,0.9333333333333333,0.11392679597310112,1.0,1.0,0.9,1.0,0.05
34,0.10857535655867326,0.12668830078230922,0.1763533039197246,0.082377965243028,0.5906149731310566,0.634111088083202,0.6119767178989454,1.836702779113204,0.3215626283400176,0.06859384068579744,0.1531235241496909,0.0,0.3769560970089263,0.15179885481803038,0.1429725089987572,productive,adam@0.05,noisy_moons,0,0.9833333333333333,0.9833333333333333,0.12126581968150082,1.0,1.0,0.9,1.0,0.05
35,0.1089490704147659,0.12554515430258414,0.17480974653079762,0.13053023629483865,0.33267469058413396,0.6468186472307019,0.46387519154565904,1.443368529360495,0.23048492731896422,0.48567547950582823,0.1997354255984808,0.0,0.4446530806118195,0.14604624883051442,0.1321921501471813,productive,adam@0.05,noisy_moons,0,0.9861111111111112,0.9833333333333333,0.14212521833224728,1.0,1.0,0.9,1.0,0.05
36,0.1343081156701721,0.1700444606006044,0.1727187150609314,0.11078882734402729,0.33659957811321267,0.6484552111059884,0.4671934829207166,1.4522482721399177,0.23177826035022667,0.4809208525927363,0.20073691458342172,0.0,0.4421756529866475,0.08402570108144626,0.21015883025068854,productive,adam@0.05,noisy_moons,0,0.9444444444444444,0.925,0.12312274726779297,1.0,1.0,0.9,1.0,0.05
37,0.13202319841765636,0.14302838148935054,0.14804206256207322,0.0903688442380655,0.49279226084232375,0.8065789611194084,0.6304568738604458,1.9298280958221778,0.2553555220328452,0.3890340752778967,0.30656847599757125,0.0,0.2814820825100729,0.049545151679380256,0.07694405094357858,productive,adam@0.05,noisy_moons,0,0.9916666666666667,1.0,0.12192540867610915,1.0,1.0,0.9,1.0,0.05
38,0.11176526337760392,0.1341084965147588,0.16277018512617916,0.07434577268465184,0.6425774447646876,0.6952176199529563,0.6683795043123019,2.006174569029946,0.32029986556723017,0.0757175504164509,0.1855035721045799,0.0,0.31820143786737093,0.07053132841345319,0.1666056492900581,productive,adam@0.05,noisy_moons,0,0.9694444444444444,0.9583333333333334,0.12530232591537538,1.0,1.0,0.9,1.0,0.05
39,0.12556094194362927,0.16783274238758283,0.16177930776604596,0.11006325179069408,0.3330374463586934,0.6484068525528648,0.4646974955556399,1.4461417944671981,0.23029377038466298,0.486375807030776,0.20071795677065157,0.0,0.44344782594574766,0.05184769104717185,0.2518686154000488,productive,adam@0.05,noisy_moons,0,0.9583333333333334,0.9166666666666666,0.12039842429680946,1.0,1.0,0.9,1.0,0.05
40,0.10781321145528361,0.121715145652944,0.1673011554827364,0.06885070254475276,0.6409545394838707,0.7327466072600124,0.6853154486911192,2.0590165954350024,0.3112915849755247,0.12527122864513562,0.2166461388506313,0.0,0.2909689720244342,0.07752700952414135,0.11421696226121336,productive,adam@0.05,noisy_moons,0,0.9805555555555555,0.9916666666666667,0.12539269291840785,1.0,1.0,0.9,1.0,0.05
41,0.10547558738294313,0.12481888420742232,0.09852597779426074,0.039876811369721474,0.4970268085520656,0.6775326965751519,0.5803032947247696,1.754862799851987,0.28322830057938836,0.26641649758935015,0.20569736463654933,0.0,0.37108200435003924,0.0965877149644753,0.15497091603811136,productive,adam@0.05,noisy_moons,0,0.9722222222222222,0.9666666666666667,0.10511041907885468,1.0,1.0,0.9,1.0,0.05
42,0.10377413031209816,0.12180105419613549,0.11233377676306029,0.0402835828413847,0.462783768444667,0.6696999619927313,0.5567102227714581,1.6891939532088562,0.2739672182495951,0.30896850125698694,0.20536511939446095,0.0,0.3867949076179053,0.10981857432105319,0.14800302019561082,productive,adam@0.05,noisy_moons,0,0.975,0.975,0.10482088299992232,1.0,1.0,0.9,1.0,0.05
43,0.10456624553048252,0.12587743000479418,0.11535631695571025,0.0289138704702027,0.3025983016865686,0.6504023701469623,0.44363346652319835,1.3966341383567293,0.21666254130276652,0.5347521540892763,0.20128248130152615,0.0,0.45298208166491966,0.11349906422546084,0.1693010770358117,productive,adam@0.05,noisy_moons,0,0.9777777777777777,0.9666666666666667,0.10289495187677902,1.0,1.0,0.9,1.0,0.05
44,0.10587507486611042,0.11709846871228927,0.13768289895064542,0.053213976033372835,0.30872237375851813,0.7118237448358253,0.4687813095713114,1.4893274281656548,0.20728979264066813,0.566293796746991,0.23961953615631204,0.0,0.40969747279643165,0.10995651231539724,0.09584577808403888,productive,adam@0.05,noisy_moons,0,0.9833333333333333,1.0,0.11107198380602556,1.0,1.0,0.9,1.0,0.05
45,0.10323167576266891,0.11575321296397044,0.15355362546256932,0.043982887871675896,0.512322977331816,0.6999695185724351,0.5988409369745423,1.8111334328787936,0.2828742311478837,0.2680781609234213,0.2197504206994895,0.0,0.3505947722265113,0.11124414388792674,0.10817442454231492,productive,adam@0.05,noisy_moons,0,0.9833333333333333,0.9916666666666667,0.1060435897932879,1.0,1.0,0.9,1.0,0.05
46,0.10617103400922259,0.12015711214955818,0.14804820201871233,0.048424188263244496,0.3217439878283578,0.7027093827306874,0.4754918706814819,1.499945241240527,0.21450382252772107,0.5421379083090911,0.23469127601571874,0.0,0.41089937329391535,0.10235743737388106,0.11639825466949703,productive,adam@0.05,noisy_moons,0,0.9805555555555555,0.9833333333333333,0.10507671876867312,1.0,1.0,0.9,1.0,0.05
47,0.10445025847318144,0.11991869865816986,0.1421282791026338,0.04459229912436324,0.47887544289445266,0.6964513345493922,0.577506226188751,1.7528330036325959,0.27320083653264426,0.3124064537781379,0.22244517454370955,0.0,0.36302121963092837,0.09843895478879083,0.12899106109449576,productive,adam@0.05,noisy_moons,0,0.9805555555555555,0.9666666666666667,0.10745427734693853,1.0,1.0,0.9,1.0,0.05
0,0.28588282800699083,0.46298769903042103,0.22180298301122733,0.2512730523327143,0.325,0.6059525110248164,0.44377310202744974,1.3747256130522663,0.23641081312103532,0.46365433910025744,0.17515835769566113,0.0,0.4751371934738669,0.0,0.38252608307805896,productive,efficiency_only@0.05,noisy_moons,0,0.8805555555555555,0.8333333333333334,0.3328862744153991,1.0,0.7040332422553146,0.9,1.0,0.03520166211276573
1,0.2714898103273642,0.4399885216263414,0.17079972812531852,0.07107066409119285,0.564877941074015,0.5948623720931312,0.5796763165512048,1.739416629718351,0.3247513743532973,0.050405660917095974,0.13198749199138748,0.0,0.412730655677832,0.01364835405047657,0.38296160698954346,productive,efficiency_only@0.05,noisy_moons,0,0.8944444444444445,0.8083333333333333,0.2813277873276334,1.0,0.3881529229788778,0.9,1.0,0.019407646148943893
2,0.259712133888351,0.3961208955310765,0.1369715661898541,0.034857886014855295,0.5390455838416578,0.6032695346746524,0.5702541350420733,1.7125692535583834,0.3147584150081094,0.10645979473921974,0.14421151413824107,0.0,0.41323816514163714,0.03282700058689674,0.3443614391001596,productive,efficiency_only@0.05,noisy_moons,0,0.9027777777777778,0.8166666666666667,0.2624046527948734,1.0,0.43111828839602073,0.9,1.0,0.021555914419801037
3,0.25763944824412977,0.3739621748996515,0.14317346669120679,0.032853783373510914,0.39141473051897563,0.613812544477715,0.4901584148884028,1.4953856898850935,0.2617483457054161,0.36232204108603294,0.17615948832116812,0.0,0.44801452031694106,0.045622152168685766,0.3110547923375823,productive,efficiency_only@0.05,noisy_moons,0,0.9055555555555556,0.825,0.2575957635203761,1.0,0.6283675048100394,0.9,1.0,0.03141837524050197
4,0.2558071919585293,0.3724705474605305,0.17012668516528962,0.048189860079876835,0.3865451209615444,0.6055948762546186,0.4838282181679083,1.4759682153840714,0.26189257799224286,0.3617100538374013,0.17143995578447804,0.0,0.45528845278873653,0.05400157115960635,0.3132149811505932,productive,efficiency_only@0.05,noisy_moons,0,0.9083333333333333,0.8333333333333334,0.28132403263327993,1.0,0.6261138747111881,0.9,1.0,0.03130569373555941
5,0.24880372327924016,0.3546797345878235,0.1193449643805658,0.047306013692372466,0.4851150675033865,0.606175215653682,0.5422773558435903,1.6335676390006588,0.29696662441241645,0.19971147784481424,0.1577215976672251,0.0,0.42577371425136384,0.06464469652508172,0.2985115894248167,productive,efficiency_only@0.05,noisy_moons,0,0.9083333333333333,0.8333333333333334,0.24707296943882479,1.0,0.5025206800285832,0.9,1.0,0.02512603400142916
6,0.23821185951827945,0.35633040008065436,0.14112231518777354,0.041243842640696346,0.5208451718880834,0.5747578640785153,0.5471378788842918,1.6427409148508905,0.3170586226832732,0.09380070384556449,0.12923861895122646,0.0,0.4390521285185965,0.08015313365413562,0.33148600438143677,productive,efficiency_only@0.05,noisy_moons,0,0.9055555555555556,0.8333333333333334,0.23981644940963925,1.0,0.4198678968530286,0.9,1.0,0.020993394842651433
7,0.2313102943529985,0.3477917943262477,0.14493156038141955,0.0351513585776246,0.49189297301115564,0.562501029751152,0.5260135966361807,1.5804075993984883,0.31124437341251254,0.12552520441092796,0.1277006350403776,0.0,0.4557426868063336,0.0947341173843835,0.33491733236231325,productive,efficiency_only@0.05,noisy_moons,0,0.9111111111111111,0.8333333333333334,0.2463903920292842,1.0,0.44257491580889363,0.9,1.0,0.022128745790444684
8,0.2201575530675139,0.31620853716621355,0.11236990308391327,0.03960402637032966,0.5238019902994283,0.566556167841465,0.5447598079261872,1.6351179660670807,0.3203450767282067,0.0754632637852154,0.12316195261557428,0.0,0.4443420121161739,0.11302766603046475,0.30375835187590433,productive,efficiency_only@0.05,noisy_moons,0,0.9194444444444444,0.85,0.22570618638099496,1.0,0.40583781203986286,0.9,1.0,0.020291890601993143
9,0.20908005253484116,0.3088018097704893,0.1239356371525656,0.033500356603775164,0.5264712892401036,0.5426972465066974,0.5345227020767549,1.603691237823556,0.32828718946834323,0.029898727830312777,0.10716694215391724,0.0,0.46139002570827387,0.13348403052371985,0.32293125908091125,transition,efficiency_only@0.05,noisy_moons,0,0.9222222222222223,0.85,0.2255605945302485,1.0,0.3716950654926634,0.9,1.0,0.01858475327463317
10,0.19906649671376675,0.290187555371062,0.12799182838555972,0.03127181081255124,0.5252467757752615,0.5339596002055205,0.5295852701899829,1.588791646170765,0.3305951268318838,0.016317385112823324,0.10197121796323093,0.0,0.4682275648022483,0.1540855328381549,0.3140074650712675,transition,efficiency_only@0.05,noisy_moons,0,0.9277777777777778,0.85,0.21743602375155943,1.0,0.3617546487038749,0.9,1.0,0.018087732435193748
11,0.1900286584030046,0.27099465861230604,0.15070500996730798,0.03272250792637104,0.5317199946413229,0.5291148296779046,0.5304158127365547,1.591250637055782,0.3341522587699572,0.004899505361220746,0.09912158814021652,0.002055397298135163,0.47023467879277037,0.17365186771280983,0.2987734172470687,transition,efficiency_only@0.05,noisy_moons,0,0.9305555555555556,0.8666666666666667,0.20801544954850704,1.0,0.35351524271131324,0.9,1.0,0.017675762135565664
12,0.18257286611005405,0.2601520415824706,0.1209819699785633,0.025887668715756425,0.5176411107088612,0.519064867893071,0.5183525004725237,1.555058479074456,0.3328756555939634,0.0027429272780225,0.0946502055259963,0.0,0.48129131581720264,0.1907224910475976,0.2982070599965798,transition,efficiency_only@0.05,noisy_moons,0,0.9361111111111111,0.875,0.1887908839823061,1.0,0.3519514252223332,0.9,1.0,0.01759757126111666
13,0.17638346552559928,0.25487336578169456,0.16429715060010314,0.03165799948523965,0.5196551697935656,0.5066243015028836,0.5130983701192469,1.539377841415696,0.33757480185349575,0.02507599086685397,0.09521883275015249,0.010490624870665061,0.49013866418893476,0.20469239437079456,0.30795646306693286,transition,efficiency_only@0.05,noisy_moons,0,0.9388888888888889,0.875,0.2165912708130689,1.0,0.36765286016118914,0.9,1.0,0.018382643008059456
14,0.1721045993847359,0.22934123038980017,0.1553225602322968,0.04238130364364041,0.49710263255563447,0.5274703948516446,0.5120614434576308,1.53663447086491,0.3235008988675331,0.057572448792114095,0.10464164224674606,0.0,0.4802340808453623,0.2143511100614575,0.24956973897707768,transition,efficiency_only@0.05,noisy_moons,0,0.9388888888888889,0.8916666666666667,0.1856508197752631,1.0,0.3912496368950171,0.9,1.0,0.01956248184475086
15,0.16455136447779264,0.2367205784162353,0.11261362026196298,0.03284000204899971,0.5360276641863617,0.4965035600017188,0.5158872391598133,1.548418463347894,0.3461775204019436,0.07373519470410717,0.1019251869315597,0.03209730723447248,0.49380460041923396,0.22536533307196552,0.3048708921771247,transition,efficiency_only@0.05,noisy_moons,0,0.9361111111111111,0.875,0.15991552119815347,1.0,0.4014599498824483,0.9,1.0,0.02007299749412242
16,0.15751214172186653,0.21757000398798446,0.13081560946113557,0.02678538092143023,0.5347721118300481,0.5025023002973571,0.5183861652566305,1.5556605773840357,0.3437588633436408,0.06034310843772295,0.10138879820783687,0.025980485521320238,0.4895557672230062,0.23671541107628152,0.27603925709094845,transition,efficiency_only@0.05,noisy_moons,0,0.9444444444444444,0.9,0.1604197559667409,1.0,0.3923307738533183,0.9,1.0,0.019616538692665917
17,0.15450423579089584,0.2166770227850319,0.11044234360837407,0.023182677247162133,0.46115550876715083,0.4944368331483442,0.47750630293614293,1.433098644851638,0.32178908997216454,0.06731157986391512,0.09296367388688502,0.0,0.5140284319577564,0.24304959422575861,0.2869376096967074,transition,efficiency_only@0.05,noisy_moons,0,0.9388888888888889,0.8916666666666667,0.15159615165664028,1.0,0.39689342657484167,0.9,1.0,0.019844671328742083
18,0.14927266198741257,0.20370163803998492,0.11555109857831042,0.021853144845512065,0.5090497761367074,0.4993738111376186,0.5041885825444078,1.512612169818734,0.33653687726028947,0.01900789560011773,0.09123325845082252,0.007804294967786958,0.4982188031589868,0.2492130656610895,0.26719950107562906,transition,efficiency_only@0.05,noisy_moons,0,0.9472222222222222,0.9,0.16243164698847543,1.0,0.36329838540056913,0.9,1.0,0.018164919270028456
19,0.14626975652724067,0.19403278221538367,0.1470032448621677,0.020415351245012005,0.4761262253800592,0.5067258515654001,0.4911878123572796,1.4740398893027389,0.3230076939134123,0.06038694511391263,0.0968837531128542,0.0,0.5010431680386602,0.25226473757378176,0.24615956717625298,transition,efficiency_only@0.05,noisy_moons,0,0.9527777777777777,0.9,0.1541263709902015,1.0,0.3925145537573333,0.9,1.0,0.019625727687866665
20,0.1426287647798832,0.19221975958748816,0.1378139107230744,0.028155358177040735,0.49891843578866824,0.5004893501026771,0.4997032756367671,1.4991110615281125,0.3328095219843804,0.0031387567281571105,0.08804390285248806,0.0,0.4999036871302779,0.2542998074086609,0.2579911394855001,transition,efficiency_only@0.05,noisy_moons,0,0.9527777777777777,0.9166666666666666,0.1606762468247757,1.0,0.35219805128026627,0.9,1.0,0.017609902564013315
21,0.14043724028304205,0.18313439033484746,0.14649590838906731,0.0283214561582712,0.46283543899758356,0.5116694664914145,0.4866402800274688,1.4611451855164668,0.31676211480242905,0.09544057383294124,0.1025966334889003,0.0,0.5008451267405584,0.2536534437782234,0.23314654322291342,transition,efficiency_only@0.05,noisy_moons,0,0.9611111111111111,0.9166666666666666,0.1406629773722232,1.0,0.4174766460300178,0.9,1.0,0.02087383230150089
22,0.13885323315005732,0.19220422635918233,0.1686957649077124,0.04191768040894255,0.4476456129834041,0.49434668259263076,0.4704169679714907,1.4124092635475256,0.31693760763014245,0.09447028017909542,0.09567200776176212,0.0,0.5176181747179393,0.2504523695991261,0.27757450613716034,transition,efficiency_only@0.05,noisy_moons,0,0.9527777777777777,0.9166666666666666,0.16314183670410592,1.0,0.4158087538377174,0.9,1.0,0.020790437691885873
23,0.13903123397406067,0.1765469610577411,0.18292213011179415,0.04450720173606711,0.33141331886756786,0.5274722521128842,0.41810444829406135,1.2769900192745134,0.2595269452895577,0.37169525498373723,0.13047099611267585,0.0,0.5272116497965272,0.2429950719213652,0.21249715576475203,productive,efficiency_only@0.05,noisy_moons,0,0.9638888888888889,0.9333333333333333,0.1568226210700994,1.0,0.6163134619410616,0.9,1.0,0.030815673097053083
24,0.1321170467493363,0.17688366389153684,0.12049225661433528,0.04870321154391677,0.5690328790474807,0.5083361458850228,0.5378289510772497,1.6151979760097532,0.35229915310644533,0.10666647815668051,0.11464481761317481,0.048488355285931456,0.4769174515188637,0.24407162983839592,0.25308508517581896,transition,efficiency_only@0.05,noisy_moons,0,0.9555555555555556,0.9166666666666666,0.13864220351518378,1.0,0.4252000471034497,0.9,1.0,0.02126000235517249
25,0.12940579554935477,0.16787868631825442,0.14605834747552812,0.031189625716446904,0.4969474671874049,0.5190526928318993,0.5078798293293546,1.5238799893486585,0.3261066951865492,0.042587633106858314,0.09956315641520669,0.0,0.48653373891937307,0.2440892422240104,0.22917078762437437,transition,efficiency_only@0.05,noisy_moons,0,0.9611111111111111,0.925,0.13078947190034176,1.0,0.38029818863001436,0.9,1.0,0.01901490943150072
26,0.12712840389994295,0.1685658900450047,0.1332578314325761,0.030579796225180398,0.47988517864622393,0.5122707105628679,0.4958135954708079,1.4879694846798996,0.32251009418345666,0.06321956584634025,0.09933394556433507,0.0,0.49595784698316214,0.2428148289400385,0.24582367247607756,transition,efficiency_only@0.05,noisy_moons,0,0.9527777777777777,0.9333333333333333,0.13032022179797054,1.0,0.39471914548908454,0.9,1.0,0.01973595727445423
27,0.1253229708481066,0.15944700889927893,0.09107779872428279,0.019725623926746882,0.4448847528020369,0.5285784368783671,0.48492936313149715,1.458392552811901,0.3050514430728972,0.15833730292034398,0.11609371286265069,0.0,0.49324609999506785,0.24001884193864048,0.21401491496606342,transition,efficiency_only@0.05,noisy_moons,0,0.9638888888888889,0.9333333333333333,0.1228752396833638,1.0,0.4635511316144407,0.9,1.0,0.02317755658072204
28,0.12314506038316661,0.15811591671072425,0.10623976552172783,0.022242205460242956,0.4574577918139242,0.5270396205559987,0.4910176992919865,1.4755151116619094,0.31003260366386765,0.13202390490023763,0.11278286482262244,0.0,0.49097134007600735,0.23699895380391814,0.22117227066733208,transition,efficiency_only@0.05,noisy_moons,0,0.9638888888888889,0.9333333333333333,0.12503307420150317,1.0,0.4445586592058605,0.9,1.0,0.022227932960293028
29,0.12201878425962454,0.15587504747089304,0.10356566312844134,0.0177372183256856,0.4011234823757899,0.531950247105017,0.46192827968140937,1.3950020091622162,0.2875433008277092,0.24593797153393093,0.12528418042166545,0.0,0.5030607366067867,0.2321058373035494,0.2172013016874338,productive,efficiency_only@0.05,noisy_moons,0,0.9583333333333334,0.9333333333333333,0.12488898151868191,1.0,0.5268712474515611,0.9,1.0,0.026343562372578056
30,0.11989456368766492,0.15295897056334817,0.12114267540463253,0.027626020971668747,0.45993226163631673,0.5350691946329764,0.4960802201453585,1.4910816764146517,0.3084554447360905,0.14042470347981517,0.11713110042388096,0.0,0.48442529261083256,0.22792559822672975,0.21616520269394454,transition,efficiency_only@0.05,noisy_moons,0,0.9611111111111111,0.9333333333333333,0.12213958277322454,1.0,0.4512520411904376,0.9,1.0,0.02256260205952188
31,0.11870292466826143,0.14768409310556174,0.12275253966017169,0.03298115906682686,0.4180272994388759,0.5484301601545388,0.47880975217745103,1.4452672117708658,0.28923876224014855,0.2377747800735096,0.13249260309944247,0.0,0.48638004383400507,0.22262833953622158,0.19623757594926033,productive,efficiency_only@0.05,noisy_moons,0,0.9694444444444444,0.95,0.12156132748184738,1.0,0.5233516284592589,0.9,1.0,0.026167581422962945
32,0.11837616814316752,0.15414137842071834,0.11346420739896901,0.026675948671159157,0.34408431423204944,0.535409249845786,0.42921547568404766,1.308709039761883,0.26291887942842884,0.3573433512205598,0.13380983266283394,0.0,0.5176876372350832,0.21512795920396605,0.23202861323798551,productive,efficiency_only@0.05,noisy_moons,0,0.9583333333333334,0.9333333333333333,0.11697994078985831,1.0,0.6077323018568515,0.9,1.0,0.030386615092842573
33,0.11634117374982429,0.14986739191933499,0.13259470154746666,0.03738636835794845,0.4713313730773763,0.5430531199240916,0.5059228920179193,1.5203073850193871,0.31002373449061804,0.13207132822956336,0.11974573956368174,0.0,0.4755119940289946,0.2096093056356817,0.22370588918739528,transition,efficiency_only@0.05,noisy_moons,0,0.9638888888888889,0.9333333333333333,0.12259184699192767,1.0,0.4458615794003752,0.9,1.0,0.02229307897001876
34,0.11794072132591901,0.14701363570963755,0.13997373065226093,0.035263930509415904,0.31708626491863223,0.5640673928742416,0.4229160942419713,1.3040697520348452,0.24315130722406295,0.43785748135105507,0.1513876036306244,0.0,0.5065082564418936,0.1984780067113126,0.19775658389361664,productive,efficiency_only@0.05,noisy_moons,0,0.9722222222222222,0.95,0.11883516851097999,1.0,0.6733316693141249,0.9,1.0,0.033666583465706244
35,0.1160487522605778,0.1408616665616973,0.14200459902884502,0.06256598280376732,0.4780923512032727,0.5816625096635345,0.52734087348871,1.5870957343555172,0.30123724792028056,0.17805885155121026,0.142857951162212,0.0,0.4454983084238778,0.19079700207389524,0.1761509352173642,productive,efficiency_only@0.05,noisy_moons,0,0.9722222222222222,0.9666666666666667,0.12426345247539686,1.0,0.4833656356971343,0.9,1.0,0.024168281784856718
36,0.1170735526431214,0.1511903795311832,0.1322195602661451,0.04377999273394775,0.32221441200831125,0.5621412869406657,0.4255937314354876,1.3099494303844645,0.24597469530846142,0.426808847716343,0.15010772584939291,0.0,0.5061324908119234,0.17968142782325594,0.22565474730503707,productive,efficiency_only@0.05,noisy_moons,0,0.9583333333333334,0.925,0.11560539668683045,1.0,0.6646796640462937,0.9,1.0,0.03323398320231469
37,0.12207254248976246,0.14444184441584731,0.1268329198232788,0.05903128220850961,0.32042646075207093,0.6202324267296317,0.44580139225965193,1.3864602797413546,0.23111117241082937,0.4833768004663954,0.1836502138527332,0.0,0.46698309050535813,0.15864754035928094,0.15486718558981946,productive,efficiency_only@0.05,noisy_moons,0,0.9805555555555555,0.9916666666666667,0.11739027574775367,1.0,0.7232342997734046,0.9,1.0,0.036161714988670234
38,0.11481303526194347,0.14230089702912047,0.15226449398245412,0.047977335764043505,0.5897375024305284,0.5978014202833002,0.5937557718012483,1.7812946945150767,0.3310723959636971,0.013489291895520727,0.12734401383931773,0.0,0.40422140395772577,0.15655095543180178,0.19316717140266426,productive,efficiency_only@0.05,noisy_moons,0,0.9638888888888889,0.95,0.126352062365229,1.0,0.36023406747046327,0.9,1.0,0.018011703373523164
39,0.11024625079305361,0.13390080783788455,0.14803978693005482,0.04007732503640221,0.5635300566969353,0.6044092646645475,0.5836118463367287,1.7515511676982114,0.32173199795099017,0.06763497907536675,0.13896657593841386,0.0,0.4059894444993619,0.1609957392964375,0.17665731392352627,productive,efficiency_only@0.05,noisy_moons,0,0.975,0.9666666666666667,0.11764394224875507,1.0,0.4015815164112734,0.9,1.0,0.02007907582056367
40,0.11191819712357912,0.1434541375238473,0.1275033246128856,0.02117321576305699,0.32572997985628294,0.5820222467903742,0.43541026024077234,1.3431624868874295,0.2425097358184203,0.44034788764175736,0.16123144399773454,0.0,0.49128374648442674,0.1565597440586496,0.21983290928102905,productive,efficiency_only@0.05,noisy_moons,0,0.9666666666666667,0.9333333333333333,0.11091678910928827,1.0,0.6799145152174935,0.9,1.0,0.03399572576087467
41,0.1116138458582314,0.13775407639010626,0.12119027555747419,0.04140443962100484,0.36246149877919137,0.6044725151770696,0.4680790679168511,1.4350130818731122,0.25258410766964784,0.400367279441291,0.1726615151578191,0.0,0.46372420845303963,0.15079214851598763,0.1897601233799299,productive,efficiency_only@0.05,noisy_moons,0,0.9638888888888889,0.95,0.11120805008666314,1.0,0.6553535216156031,0.9,1.0,0.032767676080780156
42,0.10887151631822693,0.1300235470652849,0.1334310874505742,0.043348672970124714,0.5145804904528003,0.6228384696897782,0.5661276580470501,1.7035466181896286,0.3020642258675895,0.17381389317799356,0.16324922302850167,0.0,0.40551693613158585,0.14954515220984438,0.16267846266674701,productive,efficiency_only@0.05,noisy_moons,0,0.975,0.975,0.11366473176637315,1.0,0.48448034481387986,0.9,1.0,0.024224017240693993
43,0.11069891933371358,0.1413407218976958,0.11933600081047464,0.027783528153395964,0.3175714714755067,0.5954576093671772,0.43485669962416573,1.3478857804668496,0.23560710861235853,0.4666766089151626,0.16917497748824845,0.0,0.48484284550432855,0.14128685772949198,0.21679387336199651,productive,efficiency_only@0.05,noisy_moons,0,0.9694444444444444,0.9333333333333333,0.10630619023872226,1.0,0.7034023263013873,0.9,1.0,0.03517011631506937
44,0.11289298410348805,0.12968922639355224,0.14647885653368284,0.05473816238519655,0.3245258792523541,0.6658726456162495,0.4648579415140765,1.4552564663826801,0.22300253374515186,0.5126307089075184,0.21147820642360735,0.0,0.434634706434837,0.12800871798418814,0.12951146951169756,productive,efficiency_only@0.05,noisy_moons,0,0.9833333333333333,0.9916666666666667,0.11775296069805047,1.0,0.759860343381637,0.9,1.0,0.03799301716908185
45,0.1083781339933022,0.12764446320495065,0.1570435499057732,0.04387072342465539,0.5650920997751078,0.651345182454466,0.6066877424438332,1.823125024673407,0.3099579524867407,0.1324229993614109,0.17232074560979518,0.0,0.3709835375508504,0.12667754213867322,0.1509374455256529,productive,efficiency_only@0.05,noisy_moons,0,0.9694444444444444,0.9666666666666667,0.10986473597771122,1.0,0.4547210493526998,0.9,1.0,0.022736052467634993
46,0.10663531475984356,0.12715539332670045,0.14461020961565718,0.02890452456310751,0.4879461465757849,0.6438889565208493,0.5605204145765358,1.6923555176731702,0.2883236657311018,0.24218898051681792,0.18313545021030223,0.0,0.39779531445130745,0.12669103742350163,0.16137796463052603,productive,efficiency_only@0.05,noisy_moons,0,0.9777777777777777,0.975,0.10734509505712136,1.0,0.5404412781742205,0.9,1.0,0.027022063908711026
47,0.10622780867801129,0.12978170798868652,0.1310561275017512,0.02780501900848931,0.3838358489661438,0.6318846894272284,0.49248349841899103,1.5082040368123633,0.2544986219353934,0.3925539653232234,0.18832144833035805,0.0,0.4378159060768903,0.1245621005780357,0.18148859092475877,productive,efficiency_only@0.05,noisy_moons,0,0.975,0.9583333333333334,0.10792904915846992,1.0,0.6558508904063045,0.9,1.0,0.03279254452031523
0,0.28588282800699083,0.46298769903042103,0.22180298301122733,0.2512730523327143,0.325,0.6059525110248164,0.44377310202744974,1.3747256130522663,0.23641081312103532,0.46365433910025744,0.17515835769566113,0.0,0.4751371934738669,0.0,0.38252608307805896,productive,dual_reservoir@0.05,noisy_moons,0,0.8805555555555555,0.8333333333333334,0.3328862744153991,1.0,0.9144690036741023,0.8947452492691302,1.2881504122301948,0.04572345018370512
1,0.2695941119221577,0.4309757186515181,0.1765443013309095,0.09134092325346671,0.5747001936142799,0.5985962584197967,0.5865265429719619,1.7598229950060384,0.326567044097698,0.03992017068325615,0.13199259751344497,0.0,0.4074385993041207,0.015454204457129849,0.37445637827186196,productive,dual_reservoir@0.05,noisy_moons,0,0.8861111111111111,0.7916666666666666,0.28578578034223806,1.0,0.800167395921386,0.8960402220745967,1.4451791972691583,0.0400083697960693
2,0.25820996909361715,0.3718089653614082,0.13180250095140236,0.06123640266767519,0.536539175845216,0.6261274777725567,0.5796049696975789,1.7422716233153517,0.30795380505838743,0.14308316614199268,0.16076909548924234,0.0,0.3971337762649322,0.03532587538712494,0.30553054619694225,productive,dual_reservoir@0.05,noisy_moons,0,0.9055555555555556,0.825,0.2610998770240053,1.0,0.8404200555540645,0.8951769271353227,1.437565466667337,0.04202100277770323
3,0.25244534707344757,0.37062587044256945,0.14212199527962713,0.0537658949518749,0.47559243728716505,0.6036081745394922,0.5357905214686927,1.61499113329535,0.2944860980857092,0.21208416759892534,0.15777589061212774,0.0,0.43030065199590756,0.05210419097968868,0.3188674423293789,productive,dual_reservoir@0.05,noisy_moons,0,0.9083333333333333,0.8333333333333334,0.2600242899076361,1.0,0.8482883946904171,0.8952667232816361,1.389369573615562,0.042414419734520856
4,0.2466727140491267,0.36366644600667497,0.18211337193619037,0.07754992519549188,0.48428032384719355,0.5904449360086116,0.5347343871719733,1.6094596470277787,0.3008962198844337,0.17980442491370574,0.147406338590927,0.0,0.43741033840970756,0.06669889965502267,0.32170614925359625,productive,dual_reservoir@0.05,noisy_moons,0,0.9166666666666666,0.8333333333333334,0.2837676304820698,1.0,0.8334264013248969,0.8955778098422722,1.3882078258891708,0.04167132006624485
5,0.2339597425773376,0.3285524772194056,0.12473901526470331,0.07605265879986751,0.5385053340293292,0.5951583682361105,0.5661236224424284,1.699787324707868,0.3168074771482831,0.0951898473268391,0.13877382758966955,0.0,0.41935900466073056,0.08671919907045002,0.28790753745831443,productive,dual_reservoir@0.05,noisy_moons,0,0.9138888888888889,0.8416666666666667,0.23975789883337376,1.0,0.8134155669494375,0.8958367851723099,1.4227359846866714,0.040670778347471875
6,0.21227595648780243,0.31708277608614693,0.15041661298811243,0.07162778463883072,0.5754625875957313,0.548149316320464,0.5616399415627465,1.685251845478942,0.3414697863346277,0.04746315723205219,0.1172497760953561,0.02130230420349876,0.4451053710583947,0.11927802932669895,0.3305345717355205,transition,dual_reservoir@0.05,noisy_moons,0,0.9222222222222223,0.85,0.22633966086468033,1.0,0.7569355523752451,0.8977606449693493,1.4273635806653648,0.03784677761876226
7,0.19531296758225508,0.284984337447557,0.14362380759607163,0.06241980361453733,0.5671368352240893,0.5331505006868132,0.549881157758345,1.6501684936692476,0.3436841979469787,0.05992616318914867,0.11402883191899679,0.02677486585317275,0.4584841707774209,0.15487806334292561,0.31465367770186076,transition,dual_reservoir@0.05,noisy_moons,0,0.9277777777777778,0.8583333333333333,0.21958618605559113,1.0,0.7479138476935299,0.8981856269936205,1.416764490622226,0.03739569238467649
8,0.181658999293459,0.25441670911251074,0.1094952517047542,0.05911034735948959,0.5489271881435022,0.525819393756345,0.5372490682039304,1.6119956501037775,0.3405264698500664,0.042096283236155,0.10660341276227152,0.018254245573318416,0.4684657690198623,0.18892282898036836,0.28597850382097384,transition,dual_reservoir@0.05,noisy_moons,0,0.9305555555555556,0.8666666666666667,0.19431709473087924,1.0,0.7499044054791186,0.897897152351531,1.3990617030598285,0.03749522027395593
9,0.1679342005209922,0.2393160146693266,0.1305948461719825,0.06092810392601275,0.5550182665730758,0.5010118074789986,0.5273240985576493,1.5833541726097238,0.3505332389772788,0.09730573270757237,0.109178495078346,0.043648001466544045,0.48583204698167604,0.22222484185934352,0.29827428911084686,transition,dual_reservoir@0.05,noisy_moons,0,0.9388888888888889,0.8833333333333333,0.19131630872146999,1.0,0.7259636287055871,0.8993435252356422,1.3989587690963412,0.03629818143527935
10,0.1572013972825823,0.21958485586461304,0.1444150506167036,0.059500499759617666,0.5515957587192479,0.4909510994688494,0.5203907610686117,1.5629376192567088,0.3529224403604618,0.10994402747421339,0.10767822932746202,0.04938582800218408,0.49432906973126944,0.2517715335209952,0.2840972722658697,transition,dual_reservoir@0.05,noisy_moons,0,0.9388888888888889,0.8916666666666667,0.1850392538667719,1.0,0.7189138095197731,0.8997328028003072,1.3936554679131123,0.03594569047598866
11,0.1490113934359119,0.2038599563631342,0.14688061274696387,0.052529797001015864,0.5437868293459952,0.484378904456507,0.5132239946227093,1.5413897284252116,0.3527899656510393,0.10924855418405044,0.10466131671520411,0.04859594816361933,0.5011985504603919,0.27596097273523307,0.26905020439384847,transition,dual_reservoir@0.05,noisy_moons,0,0.9527777777777777,0.9,0.1733762038392021,1.0,0.7168462211266249,0.899775917388361,1.3853391677963014,0.03584231105633125
12,0.1419759905383647,0.19463457647647608,0.11569384952677743,0.03886034849639215,0.530713668108453,0.47400044584469786,0.501556093871146,1.5062702078242967,0.352336297532587,0.10686218515302814,0.09972160260106325,0.04686551952123728,0.5122217301420782,0.2953481359025943,0.2705510341040344,transition,dual_reservoir@0.05,noisy_moons,0,0.9555555555555556,0.9083333333333333,0.15355848770628858,1.0,0.7139190356981036,0.8998202830932424,1.371561331050575,0.03569595178490518
13,0.13638613415647421,0.18156804485040917,0.16443588724824612,0.046215625172370135,0.5305509053191467,0.4751316469859758,0.5020772106501018,1.5077597629552244,0.35188026524813315,0.10445606213927694,0.09969035426840119,0.045636260602035905,0.5113955711819611,0.3098395403512359,0.24884285520152824,transition,dual_reservoir@0.05,noisy_moons,0,0.9555555555555556,0.9333333333333333,0.1779167480598503,1.0,0.7149611794439714,0.8997474650080701,1.371681672131722,0.03574805897219857
14,0.13821185421409132,0.18762003778665284,0.18813952195685882,0.0874826331539645,0.3137619332675211,0.4690689772938244,0.3836352292888771,1.1664661398502227,0.2689850331256156,0.33109638783399653,0.10171079936929778,0.0,0.5736478967086492,0.31100077016857586,0.26334172061485633,transition,dual_reservoir@0.05,noisy_moons,0,0.9444444444444444,0.9,0.16478982213275903,1.0,0.8059597155310072,0.8969486760189211,1.2219987522177649,0.04029798577655036
15,0.1293658436651931,0.1721844631831748,0.1329314629419349,0.05319793767540332,0.5737098099053619,0.47091303436518855,0.5197763244200427,1.5643991686905934,0.36672853155857826,0.17917904446840693,0.114176717199833,0.08500122805030916,0.5046553206073843,0.3185365643900852,0.24867876419505985,transition,dual_reservoir@0.05,noisy_moons,0,0.9555555555555556,0.9333333333333333,0.13869025195502488,1.0,0.691599645209951,0.9016747721670236,1.407732828301108,0.03457998226049755
16,0.12741587310725908,0.16481354472211723,0.12128709958089683,0.044476614872912185,0.4498749721781288,0.47829862486509195,0.4638691416272702,1.392042738670491,0.3231761207330418,0.0594265824952368,0.08622394638844808,0.0,0.5289161167538189,0.3204539968780078,0.22690896963542803,transition,dual_reservoir@0.05,noisy_moons,0,0.95,0.9333333333333333,0.13752032943526105,1.0,0.7540665622763023,0.8974132816083465,1.3102560557899974,0.03770332811381512
17,0.1241829156791677,0.16211943138282767,0.12576997915712643,0.043388137726668885,0.49239746513121685,0.4754285076464442,0.48383860120522265,1.4516645739828837,0.3391950688582572,0.03446191072737592,0.08566347497674771,0.013946531378438988,0.5203664455741666,0.3207089557835467,0.23400350827827018,transition,dual_reservoir@0.05,noisy_moons,0,0.9638888888888889,0.925,0.13474154357319668,1.0,0.7325204951537085,0.8982668876334039,1.3381615964454154,0.03662602475768543
18,0.12356214149396509,0.16314699987734216,0.14673987735288627,0.04751812675093795,0.37265216445696003,0.4744900059489749,0.4204993789889366,1.2676415493948716,0.2939728227075322,0.21462589351934958,0.09766775041174283,0.0,0.5525053075310442,0.31593169091826556,0.24263307577300175,transition,dual_reservoir@0.05,noisy_moons,0,0.9527777777777777,0.9166666666666666,0.14590746201418373,1.0,0.7850086898081905,0.8970699674876478,1.2625493168878303,0.039250434490409526
19,0.12218668109119893,0.14932329409649278,0.1397267769892052,0.040606149537044514,0.4296979047297346,0.5027434021897864,0.46478789413844407,1.397229201057965,0.3075357317213043,0.14529379628403694,0.10385209743027303,0.0,0.5162343518358847,0.30915647243117894,0.18173060786991588,transition,dual_reservoir@0.05,noisy_moons,0,0.9722222222222222,0.9583333333333334,0.13301818195579695,1.0,0.7836812828686746,0.8968844370770919,1.3112666835522886,0.03918406414343373
20,0.11756978653409719,0.1505559727026595,0.16502773715032723,0.06498020269728623,0.5429889548395043,0.4885414758112796,0.5150462361249868,1.5465766667757708,0.35109087477150536,0.10027364008761075,0.10446765596248528,0.04411688195626724,0.4982061440318668,0.30656645457476495,0.21909583244305006,transition,dual_reservoir@0.05,noisy_moons,0,0.9694444444444444,0.9333333333333333,0.15134567898531645,1.0,0.7207714289217295,0.8995129832385015,1.3856074773973641,0.03603857144608648
21,0.11865867417327626,0.1541822627179943,0.15319451250459315,0.06397866039105633,0.3164293050769052,0.4888450034006832,0.3932999932829844,1.1985743017605728,0.2640047468163681,0.352700134245014,0.11136916823923862,0.0,0.5589275016581662,0.29725373932166343,0.23039996896200787,transition,dual_reservoir@0.05,noisy_moons,0,0.95,0.9333333333333333,0.13104407459205558,1.0,0.8212576334148114,0.8966589249528228,1.232629992611283,0.04106288167074057
22,0.11671702996992307,0.14584027102055788,0.19375477399744703,0.08779096962145534,0.4868128447460398,0.5063106202750098,0.4964660243976515,1.4895894894187012,0.32681006962261405,0.03850951322992391,0.09427009628164797,0.0,0.4986116776636693,0.2889065945027961,0.19969272442266342,transition,dual_reservoir@0.05,noisy_moons,0,0.9694444444444444,0.9583333333333334,0.15280036460948185,1.0,0.7612791054754657,0.8971718971115505,1.3461126268374168,0.03806395527377329
23,0.1233943223877385,0.16786717832059134,0.246258545792571,0.11319561842666188,0.34823081173780057,0.491208238556836,0.4135865612479958,1.2530256115426324,0.277911966467377,0.29107294136558115,0.1095417966758947,0.0,0.5476026000975841,0.26609884315502447,0.26492883467618045,transition,dual_reservoir@0.05,noisy_moons,0,0.9583333333333334,0.9166666666666666,0.16931842980911752,1.0,0.8095965447114359,0.8967137460997232,1.2549452173727955,0.0404798272355718
